email,password
dummyuser1@example.com,password123
dummyuser2@example.com,password123
dummyuser3@example.com,password123
dummyuser4@example.com,password123
dummyuser5@example.com,password123
dummyuser6@example.com,password123
dummyuser7@example.com,password123
dummyuser8@example.com,password123
dummyuser9@example.com,password123
dummyuser10@example.com,password123
dummyuser11@example.com,password123
dummyuser12@example.com,password123
dummyuser13@example.com,password123
dummyuser14@example.com,password123
dummyuser15@example.com,password123
dummyuser16@example.com,password123
dummyuser17@example.com,password123
dummyuser18@example.com,password123
dummyuser19@example.com,password123
dummyuser20@example.com,password123
dummyuser21@example.com,password123
dummyuser22@example.com,password123
dummyuser23@example.com,password123
dummyuser24@example.com,password123
dummyuser25@example.com,password123
dummyuser26@example.com,password123
dummyuser27@example.com,password123
dummyuser28@example.com,password123
dummyuser29@example.com,password123
dummyuser30@example.com,password123
dummyuser31@example.com,password123
dummyuser32@example.com,password123
dummyuser33@example.com,password123
dummyuser34@example.com,password123
dummyuser35@example.com,password123
dummyuser36@example.com,password123
dummyuser37@example.com,password123
dummyuser38@example.com,password123
dummyuser39@example.com,password123
dummyuser40@example.com,password123
dummyuser41@example.com,password123
dummyuser42@example.com,password123
dummyuser43@example.com,password123
dummyuser44@example.com,password123
dummyuser45@example.com,password123
dummyuser46@example.com,password123
dummyuser47@example.com,password123
dummyuser48@example.com,password123
dummyuser49@example.com,password123
dummyuser50@example.com,password123
